                  epoch,         train/box_loss,         train/cls_loss,         train/dfl_loss,   metrics/precision(B),      metrics/recall(B),       metrics/mAP50(B),    metrics/mAP50-95(B),           val/box_loss,           val/cls_loss,           val/dfl_loss,                 lr/pg0,                 lr/pg1,                 lr/pg2
                     47,                0.96111,                0.46213,                0.91218,                0.96231,                0.96021,                0.97036,                0.66608,                 1.0832,                 0.5055,                0.93914,             0.00015576,             0.00015576,             0.00015576
                     48,                0.95079,                0.45957,                0.90977,                 0.9667,                0.95229,                0.97088,                 0.6719,                 1.0744,                0.49414,                 0.9353,             0.00012747,             0.00012747,             0.00012747
                     49,                0.94253,                0.45026,                0.90458,                 0.9655,                0.95069,                0.97032,                0.66889,                  1.068,                0.49821,                0.93497,             9.9173e-05,             9.9173e-05,             9.9173e-05
                     50,                0.92776,                0.44455,                0.90446,                0.96661,                0.95259,                 0.9719,                0.67487,                 1.0707,                0.49456,                0.93764,             7.0878e-05,             7.0878e-05,             7.0878e-05
